dyad,cty1,cty2,policy,dgr_d,cls_d,btw_d,cnt_d,workgroup,v15,v18
BEAT,BE,AT,0.409090909,0,0.001358696,0.002621083,0,1,0,0
BEBG,BE,BG,0.333333333,0,0.001358696,0.002621083,0,1,0,0
BECY,BE,CY,0.287878788,0,0.001358696,0.002621083,0,1,0,0
BECZ,BE,CZ,0.318181818,0,0.001358696,0.002621083,0,1,0,1
BEDE,BE,DE,0.333333333,0,0.001358696,0.002621083,0,1,1,1
BEDK,BE,DK,0.53030303,0,0.001358696,0.002621083,0,1,0,1
BEEE,BE,EE,0.272727273,0,0.001358696,0.002621083,0,1,0,0
BEEL,BE,EL,0.46969697,0,0.001358696,0.002621083,0,1,0,0
BEES,BE,ES,0.303030303,0,0.001358696,0.002621083,0,1,0,0
BEFI,BE,FI,0.439393939,0,0.001358696,0.002621083,0,1,0,0
BEFR,BE,FR,0.409090909,0,0.001358696,0.002621083,0,1,1,1
BEHU,BE,HU,0.348484848,0,0.001358696,0.002621083,0,1,0,1
BEIE,BE,IE,0.515151515,0,0.001358696,0.002621083,0,1,0,0
BEIT,BE,IT,0.393939394,0,0.001358696,0.002621083,0,1,0,0
BELT,BE,LT,0.287878788,0,0.001358696,0.002621083,0,1,0,0
BELU,BE,LU,0.424242424,0,0.001358696,0.002621083,0,1,1,1
BELV,BE,LV,0.303030303,0,0.001358696,0.002621083,0,1,0,0
BEMT,BE,MT,0.333333333,0,0.001358696,0.002621083,0,1,0,0
BENL,BE,NL,0.46969697,0,0.001358696,0.002621083,0,1,0,1
BEPL,BE,PL,0.348484848,0,0.001358696,0.002621083,0,1,0,1
BEPT,BE,PT,0.409090909,0,0.001358696,0.002621083,0,1,0,0
BERO,BE,RO,0.363636364,0,0.001358696,0.002621083,0,1,0,0
BESE,BE,SE,0.409090909,0,0.001358696,0.002621083,0,1,0,1
BESI,BE,SI,0.333333333,0,0.001358696,0.002621083,0,1,0,0
BESK,BE,SK,0.333333333,0,0.001358696,0.002621083,0,1,0,0
BEUK,BE,UK,0.409090909,0,0.001358696,0.002621083,0,1,0,0
BGAT,BG,AT,0.393939394,0,-0.001433692,0.002621083,0.008666667,26,0,0
BGBE,BG,BE,0.333333333,0,-0.001433692,0.002621083,0.008666667,26,0,0
BGCY,BG,CY,0.378787879,0,-0.001433692,0.002621083,0.008666667,26,0,0
BGCZ,BG,CZ,0.409090909,0,-0.001433692,0.002621083,0.008666667,26,1,1
BGDE,BG,DE,0.257575758,0,-0.001433692,0.002621083,0.008666667,26,0,1
BGDK,BG,DK,0.227272727,0,-0.001433692,0.002621083,0.008666667,26,0,0
BGEE,BG,EE,0.424242424,0,-0.001433692,0.002621083,0.008666667,26,0,1
BGEL,BG,EL,0.393939394,0,-0.001433692,0.002621083,0.008666667,26,0,0
BGES,BG,ES,0.333333333,0,-0.001433692,0.002621083,0.008666667,26,0,0
BGFI,BG,FI,0.318181818,0,-0.001433692,0.002621083,0.008666667,26,0,0
BGFR,BG,FR,0.212121212,0,-0.001433692,0.002621083,0.008666667,26,0,0
BGHU,BG,HU,0.439393939,0,-0.001433692,0.002621083,0.008666667,26,1,1
BGIE,BG,IE,0.333333333,0,-0.001433692,0.002621083,0.008666667,26,0,0
BGIT,BG,IT,0.363636364,0,-0.001433692,0.002621083,0.008666667,26,0,0
BGLT,BG,LT,0.454545455,0,-0.001433692,0.002621083,0.008666667,26,0,0
BGLU,BG,LU,0.348484848,0,-0.001433692,0.002621083,0.008666667,26,0,0
BGLV,BG,LV,0.439393939,0,-0.001433692,0.002621083,0.008666667,26,0,0
BGMT,BG,MT,0.378787879,0,-0.001433692,0.002621083,0.008666667,26,0,0
BGNL,BG,NL,0.242424242,0,-0.001433692,0.002621083,0.008666667,26,0,0
BGPL,BG,PL,0.409090909,0,-0.001433692,0.002621083,0.008666667,26,1,1
BGPT,BG,PT,0.333333333,0,-0.001433692,0.002621083,0.008666667,26,0,0
BGRO,BG,RO,0.484848485,0,-0.001433692,0.002621083,0.008666667,26,1,1
BGSE,BG,SE,0.212121212,0,-0.001433692,0.002621083,0.008666667,26,0,0
BGSI,BG,SI,0.439393939,0,-0.001433692,0.002621083,0.008666667,26,0,0
BGSK,BG,SK,0.454545455,0,-0.001433692,0.002621083,0.008666667,26,1,1
BGUK,BG,UK,0.272727273,0,-0.001433692,0.002621083,0.008666667,26,0,1
CYAT,CY,AT,0.333333333,-1,-0.023019086,-0.020747524,0.120357143,24,0,0
CYBE,CY,BE,0.287878788,-1,-0.023019086,-0.020747524,0.120357143,24,0,0
CYBG,CY,BG,0.378787879,-1,-0.023019086,-0.020747524,0.120357143,24,0,0
CYCZ,CY,CZ,0.439393939,-1,-0.023019086,-0.020747524,0.120357143,24,0,0
CYDE,CY,DE,0.212121212,-1,-0.023019086,-0.020747524,0.120357143,24,0,0
CYDK,CY,DK,0.181818182,-1,-0.023019086,-0.020747524,0.120357143,24,0,0
CYEE,CY,EE,0.439393939,-1,-0.023019086,-0.020747524,0.120357143,24,0,0
CYEL,CY,EL,0.424242424,-1,-0.023019086,-0.020747524,0.120357143,24,1,1
CYES,CY,ES,0.272727273,-1,-0.023019086,-0.020747524,0.120357143,24,0,1
CYFI,CY,FI,0.272727273,-1,-0.023019086,-0.020747524,0.120357143,24,0,0
CYFR,CY,FR,0.318181818,-1,-0.023019086,-0.020747524,0.120357143,24,1,1
CYHU,CY,HU,0.515151515,-1,-0.023019086,-0.020747524,0.120357143,24,0,0
CYIE,CY,IE,0.348484848,-1,-0.023019086,-0.020747524,0.120357143,24,0,0
CYIT,CY,IT,0.303030303,-1,-0.023019086,-0.020747524,0.120357143,24,0,1
CYLT,CY,LT,0.46969697,-1,-0.023019086,-0.020747524,0.120357143,24,0,0
CYLU,CY,LU,0.409090909,-1,-0.023019086,-0.020747524,0.120357143,24,0,0
CYLV,CY,LV,0.484848485,-1,-0.023019086,-0.020747524,0.120357143,24,0,0
CYMT,CY,MT,0.454545455,-1,-0.023019086,-0.020747524,0.120357143,24,1,1
CYNL,CY,NL,0.257575758,-1,-0.023019086,-0.020747524,0.120357143,24,0,0
CYPL,CY,PL,0.46969697,-1,-0.023019086,-0.020747524,0.120357143,24,0,0
CYPT,CY,PT,0.348484848,-1,-0.023019086,-0.020747524,0.120357143,24,0,1
CYRO,CY,RO,0.393939394,-1,-0.023019086,-0.020747524,0.120357143,24,0,0
CYSE,CY,SE,0.212121212,-1,-0.023019086,-0.020747524,0.120357143,24,0,0
CYSI,CY,SI,0.46969697,-1,-0.023019086,-0.020747524,0.120357143,24,0,0
CYSK,CY,SK,0.454545455,-1,-0.023019086,-0.020747524,0.120357143,24,0,0
CYUK,CY,UK,0.257575758,-1,-0.023019086,-0.020747524,0.120357143,24,1,0
CZAT,CZ,AT,0.409090909,-1,-0.008228034,-0.016011396,0.065250127,20,1,0
CZBE,CZ,BE,0.318181818,-1,-0.008228034,-0.016011396,0.065250127,20,0,1
CZBG,CZ,BG,0.409090909,-1,-0.008228034,-0.016011396,0.065250127,20,1,1
CZCY,CZ,CY,0.439393939,-1,-0.008228034,-0.016011396,0.065250127,20,0,0
CZDE,CZ,DE,0.333333333,-1,-0.008228034,-0.016011396,0.065250127,20,0,1
CZDK,CZ,DK,0.257575758,-1,-0.008228034,-0.016011396,0.065250127,20,0,0
CZEE,CZ,EE,0.484848485,-1,-0.008228034,-0.016011396,0.065250127,20,0,1
CZEL,CZ,EL,0.348484848,-1,-0.008228034,-0.016011396,0.065250127,20,0,0
CZES,CZ,ES,0.348484848,-1,-0.008228034,-0.016011396,0.065250127,20,0,0
CZFI,CZ,FI,0.303030303,-1,-0.008228034,-0.016011396,0.065250127,20,0,0
CZFR,CZ,FR,0.333333333,-1,-0.008228034,-0.016011396,0.065250127,20,0,0
CZHU,CZ,HU,0.5,-1,-0.008228034,-0.016011396,0.065250127,20,1,1
CZIE,CZ,IE,0.363636364,-1,-0.008228034,-0.016011396,0.065250127,20,0,0
CZIT,CZ,IT,0.378787879,-1,-0.008228034,-0.016011396,0.065250127,20,0,0
CZLT,CZ,LT,0.5,-1,-0.008228034,-0.016011396,0.065250127,20,0,0
CZLU,CZ,LU,0.363636364,-1,-0.008228034,-0.016011396,0.065250127,20,0,0
CZLV,CZ,LV,0.484848485,-1,-0.008228034,-0.016011396,0.065250127,20,0,0
CZMT,CZ,MT,0.424242424,-1,-0.008228034,-0.016011396,0.065250127,20,0,1
CZNL,CZ,NL,0.318181818,-1,-0.008228034,-0.016011396,0.065250127,20,0,0
CZPL,CZ,PL,0.606060606,-1,-0.008228034,-0.016011396,0.065250127,20,1,1
CZPT,CZ,PT,0.393939394,-1,-0.008228034,-0.016011396,0.065250127,20,0,1
CZRO,CZ,RO,0.439393939,-1,-0.008228034,-0.016011396,0.065250127,20,0,0
CZSE,CZ,SE,0.303030303,-1,-0.008228034,-0.016011396,0.065250127,20,1,1
CZSI,CZ,SI,0.46969697,-1,-0.008228034,-0.016011396,0.065250127,20,0,0
CZSK,CZ,SK,0.560606061,-1,-0.008228034,-0.016011396,0.065250127,20,1,1
CZUK,CZ,UK,0.348484848,-1,-0.008228034,-0.016011396,0.065250127,20,1,1
DEAT,DE,AT,0.409090909,0,-0.000573888,0.026924434,0,3,1,1
DEBE,DE,BE,0.333333333,0,-0.000573888,0.026924434,0,3,1,1
DEBG,DE,BG,0.257575758,0,-0.000573888,0.026924434,0,3,0,1
DECY,DE,CY,0.212121212,0,-0.000573888,0.026924434,0,3,0,0
DECZ,DE,CZ,0.333333333,0,-0.000573888,0.026924434,0,3,0,1
DEDK,DE,DK,0.363636364,0,-0.000573888,0.026924434,0,3,1,0
DEEE,DE,EE,0.318181818,0,-0.000573888,0.026924434,0,3,0,0
DEEL,DE,EL,0.272727273,0,-0.000573888,0.026924434,0,3,0,0
DEES,DE,ES,0.333333333,0,-0.000573888,0.026924434,0,3,0,1
DEFI,DE,FI,0.287878788,0,-0.000573888,0.026924434,0,3,0,0
DEFR,DE,FR,0.393939394,0,-0.000573888,0.026924434,0,3,1,1
DEHU,DE,HU,0.287878788,0,-0.000573888,0.026924434,0,3,0,0
DEIE,DE,IE,0.318181818,0,-0.000573888,0.026924434,0,3,0,0
DEIT,DE,IT,0.348484848,0,-0.000573888,0.026924434,0,3,0,1
DELT,DE,LT,0.303030303,0,-0.000573888,0.026924434,0,3,0,0
DELU,DE,LU,0.333333333,0,-0.000573888,0.026924434,0,3,0,0
DELV,DE,LV,0.318181818,0,-0.000573888,0.026924434,0,3,0,0
DEMT,DE,MT,0.257575758,0,-0.000573888,0.026924434,0,3,0,0
DENL,DE,NL,0.348484848,0,-0.000573888,0.026924434,0,3,0,1
DEPL,DE,PL,0.363636364,0,-0.000573888,0.026924434,0,3,0,1
DEPT,DE,PT,0.272727273,0,-0.000573888,0.026924434,0,3,0,0
DERO,DE,RO,0.272727273,0,-0.000573888,0.026924434,0,3,0,1
DESE,DE,SE,0.257575758,0,-0.000573888,0.026924434,0,3,1,0
DESI,DE,SI,0.303030303,0,-0.000573888,0.026924434,0,3,0,0
DESK,DE,SK,0.333333333,0,-0.000573888,0.026924434,0,3,0,0
DEUK,DE,UK,0.393939394,0,-0.000573888,0.026924434,0,3,0,0
DKAT,DK,AT,0.318181818,-1,-0.011494253,-0.00644146,0.04997963,2,0,0
DKBE,DK,BE,0.53030303,-1,-0.011494253,-0.00644146,0.04997963,2,0,1
DKBG,DK,BG,0.227272727,-1,-0.011494253,-0.00644146,0.04997963,2,0,0
DKCY,DK,CY,0.181818182,-1,-0.011494253,-0.00644146,0.04997963,2,0,0
DKCZ,DK,CZ,0.257575758,-1,-0.011494253,-0.00644146,0.04997963,2,0,0
DKDE,DK,DE,0.363636364,-1,-0.011494253,-0.00644146,0.04997963,2,1,0
DKEE,DK,EE,0.257575758,-1,-0.011494253,-0.00644146,0.04997963,2,1,0
DKEL,DK,EL,0.363636364,-1,-0.011494253,-0.00644146,0.04997963,2,0,0
DKES,DK,ES,0.242424242,-1,-0.011494253,-0.00644146,0.04997963,2,0,0
DKFI,DK,FI,0.424242424,-1,-0.011494253,-0.00644146,0.04997963,2,1,0
DKFR,DK,FR,0.333333333,-1,-0.011494253,-0.00644146,0.04997963,2,0,0
DKHU,DK,HU,0.212121212,-1,-0.011494253,-0.00644146,0.04997963,2,0,0
DKIE,DK,IE,0.454545455,-1,-0.011494253,-0.00644146,0.04997963,2,0,1
DKIT,DK,IT,0.287878788,-1,-0.011494253,-0.00644146,0.04997963,2,0,0
DKLT,DK,LT,0.272727273,-1,-0.011494253,-0.00644146,0.04997963,2,0,0
DKLU,DK,LU,0.287878788,-1,-0.011494253,-0.00644146,0.04997963,2,1,0
DKLV,DK,LV,0.272727273,-1,-0.011494253,-0.00644146,0.04997963,2,0,0
DKMT,DK,MT,0.257575758,-1,-0.011494253,-0.00644146,0.04997963,2,0,0
DKNL,DK,NL,0.5,-1,-0.011494253,-0.00644146,0.04997963,2,1,1
DKPL,DK,PL,0.272727273,-1,-0.011494253,-0.00644146,0.04997963,2,0,0
DKPT,DK,PT,0.287878788,-1,-0.011494253,-0.00644146,0.04997963,2,0,0
DKRO,DK,RO,0.196969697,-1,-0.011494253,-0.00644146,0.04997963,2,0,0
DKSE,DK,SE,0.515151515,-1,-0.011494253,-0.00644146,0.04997963,2,1,1
DKSI,DK,SI,0.287878788,-1,-0.011494253,-0.00644146,0.04997963,2,0,0
DKSK,DK,SK,0.166666667,-1,-0.011494253,-0.00644146,0.04997963,2,0,0
DKUK,DK,UK,0.439393939,-1,-0.011494253,-0.00644146,0.04997963,2,1,0
EEAT,EE,AT,0.378787879,0,-0.004676871,-0.002284629,0.016711111,16,0,0
EEBE,EE,BE,0.272727273,0,-0.004676871,-0.002284629,0.016711111,16,0,0
EEBG,EE,BG,0.424242424,0,-0.004676871,-0.002284629,0.016711111,16,0,1
EECY,EE,CY,0.439393939,0,-0.004676871,-0.002284629,0.016711111,16,0,0
EECZ,EE,CZ,0.484848485,0,-0.004676871,-0.002284629,0.016711111,16,0,1
EEDE,EE,DE,0.318181818,0,-0.004676871,-0.002284629,0.016711111,16,0,0
EEDK,EE,DK,0.257575758,0,-0.004676871,-0.002284629,0.016711111,16,1,0
EEEL,EE,EL,0.378787879,0,-0.004676871,-0.002284629,0.016711111,16,0,0
EEES,EE,ES,0.318181818,0,-0.004676871,-0.002284629,0.016711111,16,0,0
EEFI,EE,FI,0.363636364,0,-0.004676871,-0.002284629,0.016711111,16,1,0
EEFR,EE,FR,0.318181818,0,-0.004676871,-0.002284629,0.016711111,16,0,0
EEHU,EE,HU,0.484848485,0,-0.004676871,-0.002284629,0.016711111,16,1,1
EEIE,EE,IE,0.363636364,0,-0.004676871,-0.002284629,0.016711111,16,0,0
EEIT,EE,IT,0.378787879,0,-0.004676871,-0.002284629,0.016711111,16,0,0
EELT,EE,LT,0.636363636,0,-0.004676871,-0.002284629,0.016711111,16,1,1
EELU,EE,LU,0.318181818,0,-0.004676871,-0.002284629,0.016711111,16,0,0
EELV,EE,LV,0.590909091,0,-0.004676871,-0.002284629,0.016711111,16,1,1
EEMT,EE,MT,0.439393939,0,-0.004676871,-0.002284629,0.016711111,16,0,0
EENL,EE,NL,0.363636364,0,-0.004676871,-0.002284629,0.016711111,16,0,0
EEPL,EE,PL,0.560606061,0,-0.004676871,-0.002284629,0.016711111,16,0,1
EEPT,EE,PT,0.409090909,0,-0.004676871,-0.002284629,0.016711111,16,0,0
EERO,EE,RO,0.409090909,0,-0.004676871,-0.002284629,0.016711111,16,0,1
EESE,EE,SE,0.348484848,0,-0.004676871,-0.002284629,0.016711111,16,1,0
EESI,EE,SI,0.53030303,0,-0.004676871,-0.002284629,0.016711111,16,0,0
EESK,EE,SK,0.5,0,-0.004676871,-0.002284629,0.016711111,16,0,0
EEUK,EE,UK,0.363636364,0,-0.004676871,-0.002284629,0.016711111,16,0,0
ELAT,EL,AT,0.439393939,0,-0.001601831,-0.003646724,0.02658254,4,0,0
ELBE,EL,BE,0.46969697,0,-0.001601831,-0.003646724,0.02658254,4,0,0
ELBG,EL,BG,0.393939394,0,-0.001601831,-0.003646724,0.02658254,4,0,0
ELCY,EL,CY,0.424242424,0,-0.001601831,-0.003646724,0.02658254,4,1,1
ELCZ,EL,CZ,0.348484848,0,-0.001601831,-0.003646724,0.02658254,4,0,0
ELDE,EL,DE,0.272727273,0,-0.001601831,-0.003646724,0.02658254,4,0,0
ELDK,EL,DK,0.363636364,0,-0.001601831,-0.003646724,0.02658254,4,0,0
ELEE,EL,EE,0.378787879,0,-0.001601831,-0.003646724,0.02658254,4,0,0
ELES,EL,ES,0.5,0,-0.001601831,-0.003646724,0.02658254,4,0,1
ELFI,EL,FI,0.439393939,0,-0.001601831,-0.003646724,0.02658254,4,0,0
ELFR,EL,FR,0.5,0,-0.001601831,-0.003646724,0.02658254,4,1,1
ELHU,EL,HU,0.409090909,0,-0.001601831,-0.003646724,0.02658254,4,0,0
ELIE,EL,IE,0.484848485,0,-0.001601831,-0.003646724,0.02658254,4,0,0
ELIT,EL,IT,0.53030303,0,-0.001601831,-0.003646724,0.02658254,4,1,1
ELLT,EL,LT,0.409090909,0,-0.001601831,-0.003646724,0.02658254,4,0,0
ELLU,EL,LU,0.5,0,-0.001601831,-0.003646724,0.02658254,4,0,0
ELLV,EL,LV,0.393939394,0,-0.001601831,-0.003646724,0.02658254,4,0,0
ELMT,EL,MT,0.46969697,0,-0.001601831,-0.003646724,0.02658254,4,1,1
ELNL,EL,NL,0.439393939,0,-0.001601831,-0.003646724,0.02658254,4,0,0
ELPL,EL,PL,0.424242424,0,-0.001601831,-0.003646724,0.02658254,4,0,0
ELPT,EL,PT,0.575757576,0,-0.001601831,-0.003646724,0.02658254,4,1,1
ELRO,EL,RO,0.409090909,0,-0.001601831,-0.003646724,0.02658254,4,0,0
ELSE,EL,SE,0.318181818,0,-0.001601831,-0.003646724,0.02658254,4,0,0
ELSI,EL,SI,0.409090909,0,-0.001601831,-0.003646724,0.02658254,4,0,0
ELSK,EL,SK,0.363636364,0,-0.001601831,-0.003646724,0.02658254,4,0,0
ELUK,EL,UK,0.363636364,0,-0.001601831,-0.003646724,0.02658254,4,0,0
ESAT,ES,AT,0.378787879,0,0.000666667,0,0,5,0,0
ESBE,ES,BE,0.303030303,0,0.000666667,0,0,5,0,0
ESBG,ES,BG,0.333333333,0,0.000666667,0,0,5,0,0
ESCY,ES,CY,0.272727273,0,0.000666667,0,0,5,0,1
ESCZ,ES,CZ,0.348484848,0,0.000666667,0,0,5,0,0
ESDE,ES,DE,0.333333333,0,0.000666667,0,0,5,0,1
ESDK,ES,DK,0.242424242,0,0.000666667,0,0,5,0,0
ESEE,ES,EE,0.318181818,0,0.000666667,0,0,5,0,0
ESEL,ES,EL,0.5,0,0.000666667,0,0,5,0,1
ESFI,ES,FI,0.363636364,0,0.000666667,0,0,5,0,0
ESFR,ES,FR,0.424242424,0,0.000666667,0,0,5,0,1
ESHU,ES,HU,0.333333333,0,0.000666667,0,0,5,0,0
ESIE,ES,IE,0.393939394,0,0.000666667,0,0,5,0,0
ESIT,ES,IT,0.560606061,0,0.000666667,0,0,5,0,1
ESLT,ES,LT,0.303030303,0,0.000666667,0,0,5,0,0
ESLU,ES,LU,0.378787879,0,0.000666667,0,0,5,0,0
ESLV,ES,LV,0.272727273,0,0.000666667,0,0,5,0,0
ESMT,ES,MT,0.272727273,0,0.000666667,0,0,5,0,1
ESNL,ES,NL,0.348484848,0,0.000666667,0,0,5,0,0
ESPL,ES,PL,0.393939394,0,0.000666667,0,0,5,0,0
ESPT,ES,PT,0.46969697,0,0.000666667,0,0,5,1,1
ESRO,ES,RO,0.348484848,0,0.000666667,0,0,5,0,0
ESSE,ES,SE,0.257575758,0,0.000666667,0,0,5,1,0
ESSI,ES,SI,0.242424242,0,0.000666667,0,0,5,0,0
ESSK,ES,SK,0.348484848,0,0.000666667,0,0,5,0,0
ESUK,ES,UK,0.333333333,0,0.000666667,0,0,5,0,1
FRAT,FR,AT,0.303030303,0,0,0.041987519,0.006377551,6,0,0
FRBE,FR,BE,0.409090909,0,0,0.041987519,0.006377551,6,1,1
FRBG,FR,BG,0.212121212,0,0,0.041987519,0.006377551,6,0,0
FRCY,FR,CY,0.318181818,0,0,0.041987519,0.006377551,6,1,1
FRCZ,FR,CZ,0.333333333,0,0,0.041987519,0.006377551,6,0,0
FRDE,FR,DE,0.393939394,0,0,0.041987519,0.006377551,6,1,1
FRDK,FR,DK,0.333333333,0,0,0.041987519,0.006377551,6,0,0
FREE,FR,EE,0.318181818,0,0,0.041987519,0.006377551,6,0,0
FREL,FR,EL,0.5,0,0,0.041987519,0.006377551,6,1,1
FRES,FR,ES,0.424242424,0,0,0.041987519,0.006377551,6,0,1
FRFI,FR,FI,0.363636364,0,0,0.041987519,0.006377551,6,0,0
FRHU,FR,HU,0.348484848,0,0,0.041987519,0.006377551,6,0,0
FRIE,FR,IE,0.424242424,0,0,0.041987519,0.006377551,6,0,0
FRIT,FR,IT,0.515151515,0,0,0.041987519,0.006377551,6,1,1
FRLT,FR,LT,0.303030303,0,0,0.041987519,0.006377551,6,0,0
FRLU,FR,LU,0.378787879,0,0,0.041987519,0.006377551,6,0,1
FRLV,FR,LV,0.303030303,0,0,0.041987519,0.006377551,6,0,0
FRMT,FR,MT,0.333333333,0,0,0.041987519,0.006377551,6,0,1
FRNL,FR,NL,0.378787879,0,0,0.041987519,0.006377551,6,0,1
FRPL,FR,PL,0.454545455,0,0,0.041987519,0.006377551,6,1,0
FRPT,FR,PT,0.484848485,0,0,0.041987519,0.006377551,6,1,1
FRRO,FR,RO,0.318181818,0,0,0.041987519,0.006377551,6,0,1
FRSE,FR,SE,0.227272727,0,0,0.041987519,0.006377551,6,1,1
FRSI,FR,SI,0.318181818,0,0,0.041987519,0.006377551,6,0,0
FRSK,FR,SK,0.318181818,0,0,0.041987519,0.006377551,6,0,0
FRUK,FR,UK,0.287878788,0,0,0.041987519,0.006377551,6,0,0
HUAT,HU,AT,0.424242424,0,-0.001248751,0.001253561,0.011519274,22,1,0
HUBE,HU,BE,0.348484848,0,-0.001248751,0.001253561,0.011519274,22,0,1
HUBG,HU,BG,0.439393939,0,-0.001248751,0.001253561,0.011519274,22,1,1
HUCY,HU,CY,0.515151515,0,-0.001248751,0.001253561,0.011519274,22,0,0
HUCZ,HU,CZ,0.5,0,-0.001248751,0.001253561,0.011519274,22,1,1
HUDE,HU,DE,0.287878788,0,-0.001248751,0.001253561,0.011519274,22,0,0
HUDK,HU,DK,0.212121212,0,-0.001248751,0.001253561,0.011519274,22,0,0
HUEE,HU,EE,0.484848485,0,-0.001248751,0.001253561,0.011519274,22,1,1
HUEL,HU,EL,0.409090909,0,-0.001248751,0.001253561,0.011519274,22,0,0
HUES,HU,ES,0.333333333,0,-0.001248751,0.001253561,0.011519274,22,0,0
HUFI,HU,FI,0.303030303,0,-0.001248751,0.001253561,0.011519274,22,0,0
HUFR,HU,FR,0.348484848,0,-0.001248751,0.001253561,0.011519274,22,0,0
HUIE,HU,IE,0.393939394,0,-0.001248751,0.001253561,0.011519274,22,0,0
HUIT,HU,IT,0.348484848,0,-0.001248751,0.001253561,0.011519274,22,0,0
HULT,HU,LT,0.46969697,0,-0.001248751,0.001253561,0.011519274,22,1,0
HULU,HU,LU,0.424242424,0,-0.001248751,0.001253561,0.011519274,22,0,0
HULV,HU,LV,0.484848485,0,-0.001248751,0.001253561,0.011519274,22,1,0
HUMT,HU,MT,0.424242424,0,-0.001248751,0.001253561,0.011519274,22,0,1
HUNL,HU,NL,0.272727273,0,-0.001248751,0.001253561,0.011519274,22,0,0
HUPL,HU,PL,0.515151515,0,-0.001248751,0.001253561,0.011519274,22,1,1
HUPT,HU,PT,0.378787879,0,-0.001248751,0.001253561,0.011519274,22,0,0
HURO,HU,RO,0.46969697,0,-0.001248751,0.001253561,0.011519274,22,1,0
HUSE,HU,SE,0.196969697,0,-0.001248751,0.001253561,0.011519274,22,0,0
HUSI,HU,SI,0.484848485,0,-0.001248751,0.001253561,0.011519274,22,0,0
HUSK,HU,SK,0.484848485,0,-0.001248751,0.001253561,0.011519274,22,1,1
HUUK,HU,UK,0.287878788,0,-0.001248751,0.001253561,0.011519274,22,0,0
IEAT,IE,AT,0.409090909,0,-0.001958763,0.024401031,0,7,0,0
IEBE,IE,BE,0.515151515,0,-0.001958763,0.024401031,0,7,0,0
IEBG,IE,BG,0.333333333,0,-0.001958763,0.024401031,0,7,0,0
IECY,IE,CY,0.348484848,0,-0.001958763,0.024401031,0,7,0,0
IECZ,IE,CZ,0.363636364,0,-0.001958763,0.024401031,0,7,0,0
IEDE,IE,DE,0.318181818,0,-0.001958763,0.024401031,0,7,0,0
IEDK,IE,DK,0.454545455,0,-0.001958763,0.024401031,0,7,0,1
IEEE,IE,EE,0.363636364,0,-0.001958763,0.024401031,0,7,0,0
IEEL,IE,EL,0.484848485,0,-0.001958763,0.024401031,0,7,0,0
IEES,IE,ES,0.393939394,0,-0.001958763,0.024401031,0,7,0,0
IEFI,IE,FI,0.46969697,0,-0.001958763,0.024401031,0,7,0,1
IEFR,IE,FR,0.424242424,0,-0.001958763,0.024401031,0,7,0,0
IEHU,IE,HU,0.393939394,0,-0.001958763,0.024401031,0,7,0,0
IEIT,IE,IT,0.393939394,0,-0.001958763,0.024401031,0,7,0,0
IELT,IE,LT,0.333333333,0,-0.001958763,0.024401031,0,7,0,0
IELU,IE,LU,0.439393939,0,-0.001958763,0.024401031,0,7,1,0
IELV,IE,LV,0.333333333,0,-0.001958763,0.024401031,0,7,0,0
IEMT,IE,MT,0.348484848,0,-0.001958763,0.024401031,0,7,1,0
IENL,IE,NL,0.46969697,0,-0.001958763,0.024401031,0,7,0,1
IEPL,IE,PL,0.363636364,0,-0.001958763,0.024401031,0,7,0,0
IEPT,IE,PT,0.409090909,0,-0.001958763,0.024401031,0,7,0,0
IERO,IE,RO,0.333333333,0,-0.001958763,0.024401031,0,7,0,0
IESE,IE,SE,0.393939394,0,-0.001958763,0.024401031,0,7,1,1
IESI,IE,SI,0.393939394,0,-0.001958763,0.024401031,0,7,0,0
IESK,IE,SK,0.348484848,0,-0.001958763,0.024401031,0,7,0,0
IEUK,IE,UK,0.484848485,0,-0.001958763,0.024401031,0,7,0,1
ITAT,IT,AT,0.378787879,0,0.000714504,0,0,8,0,0
ITBE,IT,BE,0.393939394,0,0.000714504,0,0,8,0,0
ITBG,IT,BG,0.363636364,0,0.000714504,0,0,8,0,0
ITCY,IT,CY,0.303030303,0,0.000714504,0,0,8,0,1
ITCZ,IT,CZ,0.378787879,0,0.000714504,0,0,8,0,0
ITDE,IT,DE,0.348484848,0,0.000714504,0,0,8,0,1
ITDK,IT,DK,0.287878788,0,0.000714504,0,0,8,0,0
ITEE,IT,EE,0.378787879,0,0.000714504,0,0,8,0,0
ITEL,IT,EL,0.53030303,0,0.000714504,0,0,8,1,1
ITES,IT,ES,0.560606061,0,0.000714504,0,0,8,0,1
ITFI,IT,FI,0.348484848,0,0.000714504,0,0,8,0,0
ITFR,IT,FR,0.515151515,0,0.000714504,0,0,8,1,1
ITHU,IT,HU,0.348484848,0,0.000714504,0,0,8,0,0
ITIE,IT,IE,0.393939394,0,0.000714504,0,0,8,0,0
ITLT,IT,LT,0.378787879,0,0.000714504,0,0,8,0,0
ITLU,IT,LU,0.393939394,0,0.000714504,0,0,8,0,0
ITLV,IT,LV,0.333333333,0,0.000714504,0,0,8,0,0
ITMT,IT,MT,0.409090909,0,0.000714504,0,0,8,0,1
ITNL,IT,NL,0.348484848,0,0.000714504,0,0,8,0,0
ITPL,IT,PL,0.5,0,0.000714504,0,0,8,0,0
ITPT,IT,PT,0.53030303,0,0.000714504,0,0,8,1,1
ITRO,IT,RO,0.439393939,0,0.000714504,0,0,8,0,0
ITSE,IT,SE,0.242424242,0,0.000714504,0,0,8,0,0
ITSI,IT,SI,0.287878788,0,0.000714504,0,0,8,0,0
ITSK,IT,SK,0.378787879,0,0.000714504,0,0,8,0,0
ITUK,IT,UK,0.287878788,0,0.000714504,0,0,8,0,0
LTAT,LT,AT,0.363636364,0,0.001812251,0.009575363,0,18,0,0
LTBE,LT,BE,0.287878788,0,0.001812251,0.009575363,0,18,0,0
LTBG,LT,BG,0.454545455,0,0.001812251,0.009575363,0,18,0,0
LTCY,LT,CY,0.46969697,0,0.001812251,0.009575363,0,18,0,0
LTCZ,LT,CZ,0.5,0,0.001812251,0.009575363,0,18,0,0
LTDE,LT,DE,0.303030303,0,0.001812251,0.009575363,0,18,0,0
LTDK,LT,DK,0.272727273,0,0.001812251,0.009575363,0,18,0,0
LTEE,LT,EE,0.636363636,0,0.001812251,0.009575363,0,18,1,1
LTEL,LT,EL,0.409090909,0,0.001812251,0.009575363,0,18,0,0
LTES,LT,ES,0.303030303,0,0.001812251,0.009575363,0,18,0,0
LTFI,LT,FI,0.363636364,0,0.001812251,0.009575363,0,18,1,0
LTFR,LT,FR,0.303030303,0,0.001812251,0.009575363,0,18,0,0
LTHU,LT,HU,0.46969697,0,0.001812251,0.009575363,0,18,1,0
LTIE,LT,IE,0.333333333,0,0.001812251,0.009575363,0,18,0,0
LTIT,LT,IT,0.378787879,0,0.001812251,0.009575363,0,18,0,0
LTLU,LT,LU,0.378787879,0,0.001812251,0.009575363,0,18,0,0
LTLV,LT,LV,0.696969697,0,0.001812251,0.009575363,0,18,1,1
LTMT,LT,MT,0.484848485,0,0.001812251,0.009575363,0,18,0,0
LTNL,LT,NL,0.348484848,0,0.001812251,0.009575363,0,18,0,0
LTPL,LT,PL,0.606060606,0,0.001812251,0.009575363,0,18,1,1
LTPT,LT,PT,0.439393939,0,0.001812251,0.009575363,0,18,0,0
LTRO,LT,RO,0.424242424,0,0.001812251,0.009575363,0,18,0,0
LTSE,LT,SE,0.378787879,0,0.001812251,0.009575363,0,18,0,0
LTSI,LT,SI,0.5,0,0.001812251,0.009575363,0,18,0,0
LTSK,LT,SK,0.515151515,0,0.001812251,0.009575363,0,18,0,0
LTUK,LT,UK,0.348484848,0,0.001812251,0.009575363,0,18,0,0
LUAT,LU,AT,0.439393939,0,0.000997435,0,0,9,0,0
LUBE,LU,BE,0.424242424,0,0.000997435,0,0,9,1,1
LUBG,LU,BG,0.348484848,0,0.000997435,0,0,9,0,0
LUCY,LU,CY,0.409090909,0,0.000997435,0,0,9,0,0
LUCZ,LU,CZ,0.363636364,0,0.000997435,0,0,9,0,0
LUDE,LU,DE,0.333333333,0,0.000997435,0,0,9,0,0
LUDK,LU,DK,0.287878788,0,0.000997435,0,0,9,1,0
LUEE,LU,EE,0.318181818,0,0.000997435,0,0,9,0,0
LUEL,LU,EL,0.5,0,0.000997435,0,0,9,0,0
LUES,LU,ES,0.378787879,0,0.000997435,0,0,9,0,0
LUFI,LU,FI,0.363636364,0,0.000997435,0,0,9,0,0
LUFR,LU,FR,0.378787879,0,0.000997435,0,0,9,0,1
LUHU,LU,HU,0.424242424,0,0.000997435,0,0,9,0,0
LUIE,LU,IE,0.439393939,0,0.000997435,0,0,9,1,0
LUIT,LU,IT,0.393939394,0,0.000997435,0,0,9,0,0
LULT,LU,LT,0.378787879,0,0.000997435,0,0,9,0,0
LULV,LU,LV,0.393939394,0,0.000997435,0,0,9,0,0
LUMT,LU,MT,0.409090909,0,0.000997435,0,0,9,0,0
LUNL,LU,NL,0.409090909,0,0.000997435,0,0,9,0,1
LUPL,LU,PL,0.363636364,0,0.000997435,0,0,9,0,0
LUPT,LU,PT,0.46969697,0,0.000997435,0,0,9,0,0
LURO,LU,RO,0.348484848,0,0.000997435,0,0,9,0,0
LUSE,LU,SE,0.303030303,0,0.000997435,0,0,9,0,0
LUSI,LU,SI,0.409090909,0,0.000997435,0,0,9,0,0
LUSK,LU,SK,0.378787879,0,0.000997435,0,0,9,0,0
LUUK,LU,UK,0.348484848,0,0.000997435,0,0,9,0,0
LVAT,LV,AT,0.378787879,0,-8.74E-05,0.000189934,0,17,0,0
LVBE,LV,BE,0.303030303,0,-8.74E-05,0.000189934,0,17,0,0
LVBG,LV,BG,0.439393939,0,-8.74E-05,0.000189934,0,17,0,0
LVCY,LV,CY,0.484848485,0,-8.74E-05,0.000189934,0,17,0,0
LVCZ,LV,CZ,0.484848485,0,-8.74E-05,0.000189934,0,17,0,0
LVDE,LV,DE,0.318181818,0,-8.74E-05,0.000189934,0,17,0,0
LVDK,LV,DK,0.272727273,0,-8.74E-05,0.000189934,0,17,0,0
LVEE,LV,EE,0.590909091,0,-8.74E-05,0.000189934,0,17,1,1
LVEL,LV,EL,0.393939394,0,-8.74E-05,0.000189934,0,17,0,0
LVES,LV,ES,0.272727273,0,-8.74E-05,0.000189934,0,17,0,0
LVFI,LV,FI,0.363636364,0,-8.74E-05,0.000189934,0,17,1,0
LVFR,LV,FR,0.303030303,0,-8.74E-05,0.000189934,0,17,0,0
LVHU,LV,HU,0.484848485,0,-8.74E-05,0.000189934,0,17,1,0
LVIE,LV,IE,0.333333333,0,-8.74E-05,0.000189934,0,17,0,0
LVIT,LV,IT,0.333333333,0,-8.74E-05,0.000189934,0,17,0,0
LVLT,LV,LT,0.696969697,0,-8.74E-05,0.000189934,0,17,1,1
LVLU,LV,LU,0.393939394,0,-8.74E-05,0.000189934,0,17,0,0
LVMT,LV,MT,0.5,0,-8.74E-05,0.000189934,0,17,0,0
LVNL,LV,NL,0.333333333,0,-8.74E-05,0.000189934,0,17,0,0
LVPL,LV,PL,0.560606061,0,-8.74E-05,0.000189934,0,17,0,0
LVPT,LV,PT,0.393939394,0,-8.74E-05,0.000189934,0,17,0,0
LVRO,LV,RO,0.439393939,0,-8.74E-05,0.000189934,0,17,0,0
LVSE,LV,SE,0.348484848,0,-8.74E-05,0.000189934,0,17,0,1
LVSI,LV,SI,0.515151515,0,-8.74E-05,0.000189934,0,17,0,0
LVSK,LV,SK,0.5,0,-8.74E-05,0.000189934,0,17,0,0
LVUK,LV,UK,0.333333333,0,-8.74E-05,0.000189934,0,17,0,0
MTAT,MT,AT,0.378787879,-1,-0.011111111,0.002957536,0.042711111,25,0,0
MTBE,MT,BE,0.333333333,-1,-0.011111111,0.002957536,0.042711111,25,0,0
MTBG,MT,BG,0.378787879,-1,-0.011111111,0.002957536,0.042711111,25,0,0
MTCY,MT,CY,0.454545455,-1,-0.011111111,0.002957536,0.042711111,25,1,1
MTCZ,MT,CZ,0.424242424,-1,-0.011111111,0.002957536,0.042711111,25,0,1
MTDE,MT,DE,0.257575758,-1,-0.011111111,0.002957536,0.042711111,25,0,0
MTDK,MT,DK,0.257575758,-1,-0.011111111,0.002957536,0.042711111,25,0,0
MTEE,MT,EE,0.439393939,-1,-0.011111111,0.002957536,0.042711111,25,0,0
MTEL,MT,EL,0.46969697,-1,-0.011111111,0.002957536,0.042711111,25,1,1
MTES,MT,ES,0.272727273,-1,-0.011111111,0.002957536,0.042711111,25,0,1
MTFI,MT,FI,0.242424242,-1,-0.011111111,0.002957536,0.042711111,25,0,0
MTFR,MT,FR,0.333333333,-1,-0.011111111,0.002957536,0.042711111,25,0,1
MTHU,MT,HU,0.424242424,-1,-0.011111111,0.002957536,0.042711111,25,0,1
MTIE,MT,IE,0.348484848,-1,-0.011111111,0.002957536,0.042711111,25,1,0
MTIT,MT,IT,0.409090909,-1,-0.011111111,0.002957536,0.042711111,25,0,1
MTLT,MT,LT,0.484848485,-1,-0.011111111,0.002957536,0.042711111,25,0,0
MTLU,MT,LU,0.409090909,-1,-0.011111111,0.002957536,0.042711111,25,0,0
MTLV,MT,LV,0.5,-1,-0.011111111,0.002957536,0.042711111,25,0,0
MTNL,MT,NL,0.318181818,-1,-0.011111111,0.002957536,0.042711111,25,0,0
MTPL,MT,PL,0.46969697,-1,-0.011111111,0.002957536,0.042711111,25,0,1
MTPT,MT,PT,0.424242424,-1,-0.011111111,0.002957536,0.042711111,25,0,1
MTRO,MT,RO,0.439393939,-1,-0.011111111,0.002957536,0.042711111,25,0,0
MTSE,MT,SE,0.242424242,-1,-0.011111111,0.002957536,0.042711111,25,0,0
MTSI,MT,SI,0.454545455,-1,-0.011111111,0.002957536,0.042711111,25,0,0
MTSK,MT,SK,0.439393939,-1,-0.011111111,0.002957536,0.042711111,25,1,1
MTUK,MT,UK,0.287878788,-1,-0.011111111,0.002957536,0.042711111,25,1,0
NLAT,NL,AT,0.378787879,0,-0.006837194,0,0,10,0,0
NLBE,NL,BE,0.46969697,0,-0.006837194,0,0,10,0,1
NLBG,NL,BG,0.242424242,0,-0.006837194,0,0,10,0,0
NLCY,NL,CY,0.257575758,0,-0.006837194,0,0,10,0,0
NLCZ,NL,CZ,0.318181818,0,-0.006837194,0,0,10,0,0
NLDE,NL,DE,0.348484848,0,-0.006837194,0,0,10,0,1
NLDK,NL,DK,0.5,0,-0.006837194,0,0,10,1,1
NLEE,NL,EE,0.363636364,0,-0.006837194,0,0,10,0,0
NLEL,NL,EL,0.439393939,0,-0.006837194,0,0,10,0,0
NLES,NL,ES,0.348484848,0,-0.006837194,0,0,10,0,0
NLFI,NL,FI,0.439393939,0,-0.006837194,0,0,10,0,0
NLFR,NL,FR,0.378787879,0,-0.006837194,0,0,10,0,1
NLHU,NL,HU,0.272727273,0,-0.006837194,0,0,10,0,0
NLIE,NL,IE,0.46969697,0,-0.006837194,0,0,10,0,1
NLIT,NL,IT,0.348484848,0,-0.006837194,0,0,10,0,0
NLLT,NL,LT,0.348484848,0,-0.006837194,0,0,10,0,0
NLLU,NL,LU,0.409090909,0,-0.006837194,0,0,10,0,1
NLLV,NL,LV,0.333333333,0,-0.006837194,0,0,10,0,0
NLMT,NL,MT,0.318181818,0,-0.006837194,0,0,10,0,0
NLPL,NL,PL,0.363636364,0,-0.006837194,0,0,10,0,0
NLPT,NL,PT,0.409090909,0,-0.006837194,0,0,10,0,0
NLRO,NL,RO,0.272727273,0,-0.006837194,0,0,10,0,0
NLSE,NL,SE,0.484848485,0,-0.006837194,0,0,10,0,1
NLSI,NL,SI,0.287878788,0,-0.006837194,0,0,10,0,0
NLSK,NL,SK,0.257575758,0,-0.006837194,0,0,10,0,0
NLUK,NL,UK,0.53030303,0,-0.006837194,0,0,10,0,1
PLAT,PL,AT,0.378787879,0,0.000162338,0.027913445,0.006043778,19,1,0
PLBE,PL,BE,0.348484848,0,0.000162338,0.027913445,0.006043778,19,0,1
PLBG,PL,BG,0.409090909,0,0.000162338,0.027913445,0.006043778,19,1,1
PLCY,PL,CY,0.46969697,0,0.000162338,0.027913445,0.006043778,19,0,0
PLCZ,PL,CZ,0.606060606,0,0.000162338,0.027913445,0.006043778,19,1,1
PLDE,PL,DE,0.363636364,0,0.000162338,0.027913445,0.006043778,19,0,1
PLDK,PL,DK,0.272727273,0,0.000162338,0.027913445,0.006043778,19,0,0
PLEE,PL,EE,0.560606061,0,0.000162338,0.027913445,0.006043778,19,0,1
PLEL,PL,EL,0.424242424,0,0.000162338,0.027913445,0.006043778,19,0,0
PLES,PL,ES,0.393939394,0,0.000162338,0.027913445,0.006043778,19,0,0
PLFI,PL,FI,0.333333333,0,0.000162338,0.027913445,0.006043778,19,0,0
PLFR,PL,FR,0.454545455,0,0.000162338,0.027913445,0.006043778,19,1,0
PLHU,PL,HU,0.515151515,0,0.000162338,0.027913445,0.006043778,19,1,1
PLIE,PL,IE,0.363636364,0,0.000162338,0.027913445,0.006043778,19,0,0
PLIT,PL,IT,0.5,0,0.000162338,0.027913445,0.006043778,19,0,0
PLLT,PL,LT,0.606060606,0,0.000162338,0.027913445,0.006043778,19,1,1
PLLU,PL,LU,0.363636364,0,0.000162338,0.027913445,0.006043778,19,0,0
PLLV,PL,LV,0.560606061,0,0.000162338,0.027913445,0.006043778,19,0,0
PLMT,PL,MT,0.46969697,0,0.000162338,0.027913445,0.006043778,19,0,1
PLNL,PL,NL,0.363636364,0,0.000162338,0.027913445,0.006043778,19,0,0
PLPT,PL,PT,0.439393939,0,0.000162338,0.027913445,0.006043778,19,0,0
PLRO,PL,RO,0.5,0,0.000162338,0.027913445,0.006043778,19,0,1
PLSE,PL,SE,0.287878788,0,0.000162338,0.027913445,0.006043778,19,0,0
PLSI,PL,SI,0.454545455,0,0.000162338,0.027913445,0.006043778,19,0,0
PLSK,PL,SK,0.560606061,0,0.000162338,0.027913445,0.006043778,19,1,1
PLUK,PL,UK,0.348484848,0,0.000162338,0.027913445,0.006043778,19,0,0
PTAT,PT,AT,0.409090909,0,0.000833333,0.002621083,0,12,0,0
PTBE,PT,BE,0.409090909,0,0.000833333,0.002621083,0,12,0,0
PTBG,PT,BG,0.333333333,0,0.000833333,0.002621083,0,12,0,0
PTCY,PT,CY,0.348484848,0,0.000833333,0.002621083,0,12,0,1
PTCZ,PT,CZ,0.393939394,0,0.000833333,0.002621083,0,12,0,1
PTDE,PT,DE,0.272727273,0,0.000833333,0.002621083,0,12,0,0
PTDK,PT,DK,0.287878788,0,0.000833333,0.002621083,0,12,0,0
PTEE,PT,EE,0.409090909,0,0.000833333,0.002621083,0,12,0,0
PTEL,PT,EL,0.575757576,0,0.000833333,0.002621083,0,12,1,1
PTES,PT,ES,0.46969697,0,0.000833333,0.002621083,0,12,1,1
PTFI,PT,FI,0.409090909,0,0.000833333,0.002621083,0,12,0,0
PTFR,PT,FR,0.484848485,0,0.000833333,0.002621083,0,12,1,1
PTHU,PT,HU,0.378787879,0,0.000833333,0.002621083,0,12,0,0
PTIE,PT,IE,0.409090909,0,0.000833333,0.002621083,0,12,0,0
PTIT,PT,IT,0.53030303,0,0.000833333,0.002621083,0,12,1,1
PTLT,PT,LT,0.439393939,0,0.000833333,0.002621083,0,12,0,0
PTLU,PT,LU,0.46969697,0,0.000833333,0.002621083,0,12,0,0
PTLV,PT,LV,0.393939394,0,0.000833333,0.002621083,0,12,0,0
PTMT,PT,MT,0.424242424,0,0.000833333,0.002621083,0,12,0,1
PTNL,PT,NL,0.409090909,0,0.000833333,0.002621083,0,12,0,0
PTPL,PT,PL,0.439393939,0,0.000833333,0.002621083,0,12,0,0
PTRO,PT,RO,0.363636364,0,0.000833333,0.002621083,0,12,0,0
PTSE,PT,SE,0.393939394,0,0.000833333,0.002621083,0,12,1,0
PTSI,PT,SI,0.363636364,0,0.000833333,0.002621083,0,12,0,0
PTSK,PT,SK,0.378787879,0,0.000833333,0.002621083,0,12,0,0
PTUK,PT,UK,0.378787879,0,0.000833333,0.002621083,0,12,0,0
ROAT,RO,AT,0.409090909,0,-0.000743384,0,0,27,0,0
ROBE,RO,BE,0.363636364,0,-0.000743384,0,0,27,0,0
ROBG,RO,BG,0.484848485,0,-0.000743384,0,0,27,1,1
ROCY,RO,CY,0.393939394,0,-0.000743384,0,0,27,0,0
ROCZ,RO,CZ,0.439393939,0,-0.000743384,0,0,27,0,0
RODE,RO,DE,0.272727273,0,-0.000743384,0,0,27,0,1
RODK,RO,DK,0.196969697,0,-0.000743384,0,0,27,0,0
ROEE,RO,EE,0.409090909,0,-0.000743384,0,0,27,0,1
ROEL,RO,EL,0.409090909,0,-0.000743384,0,0,27,0,0
ROES,RO,ES,0.348484848,0,-0.000743384,0,0,27,0,0
ROFI,RO,FI,0.303030303,0,-0.000743384,0,0,27,0,0
ROFR,RO,FR,0.318181818,0,-0.000743384,0,0,27,0,1
ROHU,RO,HU,0.46969697,0,-0.000743384,0,0,27,1,0
ROIE,RO,IE,0.333333333,0,-0.000743384,0,0,27,0,0
ROIT,RO,IT,0.439393939,0,-0.000743384,0,0,27,0,0
ROLT,RO,LT,0.424242424,0,-0.000743384,0,0,27,0,0
ROLU,RO,LU,0.348484848,0,-0.000743384,0,0,27,0,0
ROLV,RO,LV,0.439393939,0,-0.000743384,0,0,27,0,0
ROMT,RO,MT,0.439393939,0,-0.000743384,0,0,27,0,0
RONL,RO,NL,0.272727273,0,-0.000743384,0,0,27,0,0
ROPL,RO,PL,0.5,0,-0.000743384,0,0,27,0,1
ROPT,RO,PT,0.363636364,0,-0.000743384,0,0,27,0,0
ROSE,RO,SE,0.181818182,0,-0.000743384,0,0,27,0,0
ROSI,RO,SI,0.378787879,0,-0.000743384,0,0,27,0,0
ROSK,RO,SK,0.439393939,0,-0.000743384,0,0,27,0,0
ROUK,RO,UK,0.257575758,0,-0.000743384,0,0,27,0,0
SEAT,SE,AT,0.287878788,-1,-0.007967607,0.021842355,0.027931255,14,0,0
SEBE,SE,BE,0.409090909,-1,-0.007967607,0.021842355,0.027931255,14,0,1
SEBG,SE,BG,0.212121212,-1,-0.007967607,0.021842355,0.027931255,14,0,0
SECY,SE,CY,0.212121212,-1,-0.007967607,0.021842355,0.027931255,14,0,0
SECZ,SE,CZ,0.303030303,-1,-0.007967607,0.021842355,0.027931255,14,1,1
SEDE,SE,DE,0.257575758,-1,-0.007967607,0.021842355,0.027931255,14,1,0
SEDK,SE,DK,0.515151515,-1,-0.007967607,0.021842355,0.027931255,14,1,1
SEEE,SE,EE,0.348484848,-1,-0.007967607,0.021842355,0.027931255,14,1,0
SEEL,SE,EL,0.318181818,-1,-0.007967607,0.021842355,0.027931255,14,0,0
SEES,SE,ES,0.257575758,-1,-0.007967607,0.021842355,0.027931255,14,1,0
SEFI,SE,FI,0.5,-1,-0.007967607,0.021842355,0.027931255,14,1,1
SEFR,SE,FR,0.227272727,-1,-0.007967607,0.021842355,0.027931255,14,1,1
SEHU,SE,HU,0.196969697,-1,-0.007967607,0.021842355,0.027931255,14,0,0
SEIE,SE,IE,0.393939394,-1,-0.007967607,0.021842355,0.027931255,14,1,1
SEIT,SE,IT,0.242424242,-1,-0.007967607,0.021842355,0.027931255,14,0,0
SELT,SE,LT,0.378787879,-1,-0.007967607,0.021842355,0.027931255,14,0,0
SELU,SE,LU,0.303030303,-1,-0.007967607,0.021842355,0.027931255,14,0,0
SELV,SE,LV,0.348484848,-1,-0.007967607,0.021842355,0.027931255,14,0,1
SEMT,SE,MT,0.242424242,-1,-0.007967607,0.021842355,0.027931255,14,0,0
SENL,SE,NL,0.484848485,-1,-0.007967607,0.021842355,0.027931255,14,0,1
SEPL,SE,PL,0.287878788,-1,-0.007967607,0.021842355,0.027931255,14,0,0
SEPT,SE,PT,0.393939394,-1,-0.007967607,0.021842355,0.027931255,14,1,0
SERO,SE,RO,0.181818182,-1,-0.007967607,0.021842355,0.027931255,14,0,0
SESI,SE,SI,0.272727273,-1,-0.007967607,0.021842355,0.027931255,14,1,0
SESK,SE,SK,0.227272727,-1,-0.007967607,0.021842355,0.027931255,14,0,0
SEUK,SE,UK,0.5,-1,-0.007967607,0.021842355,0.027931255,14,1,0
SKAT,SK,AT,0.424242424,0,-0.001149425,0.01021978,0.008666667,21,0,0
SKBE,SK,BE,0.333333333,0,-0.001149425,0.01021978,0.008666667,21,0,0
SKBG,SK,BG,0.454545455,0,-0.001149425,0.01021978,0.008666667,21,1,1
SKCY,SK,CY,0.454545455,0,-0.001149425,0.01021978,0.008666667,21,0,0
SKCZ,SK,CZ,0.560606061,0,-0.001149425,0.01021978,0.008666667,21,1,1
SKDE,SK,DE,0.333333333,0,-0.001149425,0.01021978,0.008666667,21,0,0
SKDK,SK,DK,0.166666667,0,-0.001149425,0.01021978,0.008666667,21,0,0
SKEE,SK,EE,0.5,0,-0.001149425,0.01021978,0.008666667,21,0,0
SKEL,SK,EL,0.363636364,0,-0.001149425,0.01021978,0.008666667,21,0,0
SKES,SK,ES,0.348484848,0,-0.001149425,0.01021978,0.008666667,21,0,0
SKFI,SK,FI,0.272727273,0,-0.001149425,0.01021978,0.008666667,21,0,0
SKFR,SK,FR,0.318181818,0,-0.001149425,0.01021978,0.008666667,21,0,0
SKHU,SK,HU,0.484848485,0,-0.001149425,0.01021978,0.008666667,21,1,1
SKIE,SK,IE,0.348484848,0,-0.001149425,0.01021978,0.008666667,21,0,0
SKIT,SK,IT,0.378787879,0,-0.001149425,0.01021978,0.008666667,21,0,0
SKLT,SK,LT,0.515151515,0,-0.001149425,0.01021978,0.008666667,21,0,0
SKLU,SK,LU,0.378787879,0,-0.001149425,0.01021978,0.008666667,21,0,0
SKLV,SK,LV,0.5,0,-0.001149425,0.01021978,0.008666667,21,0,0
SKMT,SK,MT,0.439393939,0,-0.001149425,0.01021978,0.008666667,21,1,1
SKNL,SK,NL,0.257575758,0,-0.001149425,0.01021978,0.008666667,21,0,0
SKPL,SK,PL,0.560606061,0,-0.001149425,0.01021978,0.008666667,21,1,1
SKPT,SK,PT,0.378787879,0,-0.001149425,0.01021978,0.008666667,21,0,0
SKRO,SK,RO,0.439393939,0,-0.001149425,0.01021978,0.008666667,21,0,0
SKSE,SK,SE,0.227272727,0,-0.001149425,0.01021978,0.008666667,21,0,0
SKSI,SK,SI,0.5,0,-0.001149425,0.01021978,0.008666667,21,0,0
SKUK,SK,UK,0.287878788,0,-0.001149425,0.01021978,0.008666667,21,0,0
